#{"t_start": 1639959926.4372768, "env_id": null}
r,l,t
0.416509,119,2.323755
0.266691,61,3.683119
1.314064,355,8.86426
1.282977,97,10.90181
1.506815,112,13.118879
4.421151,559,24.516392
0.038575,19,25.533382
1.171908,86,27.783445
2.597224,349,34.292831
0.77312,210,38.814821
1.369975,207,42.613036
2.976408,188,46.040076
1.502059,114,48.314398
1.731171,147,51.221941
0.230432,52,52.70658
0.063914,165,55.845
1.765111,165,59.175218
0.175267,161,62.392344
3.423559,743,74.974461
0.482663,78,76.844159
0.43181,53,78.276466
1.415473,131,83.269053
0.641646,127,85.801331
1.051199,103,88.206814
0.816126,77,90.243428
0.274862,111,92.507307
1.715701,137,95.014147
0.211335,276,99.658084
1.340655,157,102.688522
0.251734,72,104.420496
3.895464,456,111.833628
0.043195,74,113.719506
0.095041,23,114.974151
4.24298,389,121.895493
0.659934,105,124.053269
1.853966,187,127.445332
1.917063,294,132.648785
1.161695,202,136.619118
0.175829,23,137.603813
1.442513,143,140.241554
4.06096,460,147.574789
0.228466,48,148.951383
1.705387,323,153.863192
2.766965,171,157.073065
0.049328,23,158.038105
0.9345,317,164.868425
2.995801,378,170.826582
1.799602,186,173.966208
0.515612,92,175.884017
2.430799,201,179.324377
0.283115,72,181.004315
3.599229,335,186.353368
2.807985,296,191.79767
0.218981,68,193.609947
0.102804,22,194.639149
3.163951,750,205.405723
0.827935,76,207.085237
0.495735,208,210.529065
1.43541,171,213.667547
-0.316278,160,216.400918
2.105898,544,224.153861
4.071992,443,232.244777
10.155152,934,245.583546
1.148727,165,248.654183
0.067203,19,249.594691
1.64265,448,256.102795
3.287085,221,259.709629
1.257772,121,261.900877
4.350723,326,267.034114
0.387419,58,268.524444
3.635178,382,275.887903
6.043293,494,283.963367
2.790812,234,287.729759
0.543194,62,289.255707
1.079696,245,293.441276
2.720183,183,296.371516
1.172764,129,300.639916
2.896056,361,306.359212
0.514435,94,308.518013
2.250522,275,312.789824
3.022706,325,318.810507
2.010258,242,323.213038
-0.430375,358,328.540845
3.354353,457,334.871698
1.043245,87,336.58976
5.441592,565,345.060047
5.150237,528,352.580294
2.693402,425,358.926007
2.236364,225,362.350694
4.721738,440,370.501081
2.816278,234,373.947291
1.769767,169,376.860539
5.986033,511,383.565986
2.726418,322,387.989296
1.517721,105,389.904938
2.257462,284,394.320241
2.083948,169,397.033054
0.338297,50,398.206173
2.007133,163,400.873658
1.321849,139,403.379494
5.611819,539,411.235994
2.67943,204,414.330018
1.681007,159,416.746976
1.963139,186,419.562792
1.443971,161,422.241647
0.647045,52,423.902351
1.778377,160,427.49569
4.558074,417,436.933201
3.76155,244,441.262673
5.298,408,448.031217
1.32192,107,450.400351
3.76283,258,455.543181
2.645851,180,458.54718
0.292207,59,459.9095
1.922153,163,462.538467
2.57055,379,468.070669
4.613516,285,472.588585
1.65304,184,475.59953
2.417058,223,479.078225
1.482375,164,481.76803
3.694274,419,487.683208
7.457688,540,495.572106
3.4961,505,504.59497
2.57156,235,508.317014
3.02793,250,512.244511
0.508753,58,513.576944
4.301927,397,518.783018
1.424197,114,520.687925
0.863515,74,522.115106
7.093977,639,529.917235
6.019747,547,536.935462
4.248898,311,541.223991
2.057406,172,543.704357
1.883302,188,546.376209
0.114771,21,547.133185
4.463793,347,551.701963
2.848303,226,554.648082
1.636611,251,559.55795
3.740551,309,563.557287
8.264446,544,570.241372
0.050404,19,570.959451
1.42715,114,572.817481
1.170309,122,574.740373
1.422784,173,577.274559
3.391977,693,585.745898
1.851787,128,587.704659
5.324101,274,591.492527
7.986668,673,599.670651
2.041053,222,602.906994
4.6633,313,607.077837
2.552736,319,611.244693
1.243488,180,615.355695
1.371874,169,617.731376
3.32335,282,621.373599
11.64236,897,632.159746
6.659065,514,638.352183
11.580762,897,648.737402
2.462369,243,652.043558
16.09846,1001,663.707358
5.637218,348,669.860898
6.255723,412,675.023159
1.356365,121,676.949935
1.393141,126,679.041341
1.66468,126,681.004091
3.894883,315,685.072211
2.057864,178,687.662281
2.90854,204,690.525622
1.091487,97,692.143295
2.351744,205,695.290875
5.282393,321,700.570753
1.074663,116,702.696067
1.754984,243,706.178752
0.878839,95,707.80939
2.012026,140,709.96662
6.06656,433,715.470896
10.155248,733,725.518023
15.085718,1001,737.716426
2.210299,144,739.90454
9.640629,702,748.261184
4.530793,219,751.231268
3.950701,219,754.241224
4.554802,504,760.628104
3.181656,172,763.16432
4.768489,333,767.546597
3.61634,322,771.795232
8.058809,592,780.265575
4.135285,256,783.674457
3.121586,229,786.79511
5.78832,395,791.803712
5.414703,300,795.645437
11.890427,868,806.583178
3.711885,275,810.273313
3.314573,170,812.735721
14.263811,751,821.915166
1.034003,73,823.251594
3.2883,155,825.558421
2.508067,149,827.821368
3.690174,288,833.066338
17.147288,1001,844.902677
2.85562,161,847.218482
4.705586,251,850.612403
5.760587,365,855.15625
15.374417,786,864.650852
9.567262,487,870.989967
7.469327,409,876.142114
2.843505,245,879.640755
5.916811,433,886.6281
7.020839,357,891.244716
8.749509,473,897.110027
16.110903,884,907.512202
17.076078,890,917.961251
13.661049,860,928.44421
6.049616,527,935.353729
10.098432,494,942.973374
15.527806,811,952.571671
2.202408,187,955.293391
18.573151,1001,967.204547
3.283778,182,969.8016
5.73927,315,973.881687
12.3662,723,982.558476
2.719535,179,985.068763
3.085607,184,987.763553
5.178251,280,992.935718
3.404788,227,996.175055
9.481669,582,1003.679979
17.459876,870,1014.016329
2.548492,183,1016.643304
16.746548,1001,1028.439775
8.625247,545,1035.069015
4.901773,330,1039.267786
19.488885,1001,1052.503379
20.347827,1001,1064.553148
7.070849,436,1070.065403
13.802468,669,1078.173713
2.176466,184,1080.737854
20.380826,1001,1093.898651
21.942539,1001,1105.619299
6.275972,263,1109.111957
9.290354,451,1114.724942
12.350798,761,1124.115823
3.068748,234,1127.370117
13.097209,616,1135.214136
7.244049,351,1139.799869
16.469629,763,1150.519196
18.382597,989,1162.209925
11.744265,539,1168.873102
7.879272,352,1173.484766
9.094249,439,1179.027937
2.243192,142,1181.135337
8.175905,452,1186.772224
4.317239,327,1191.009955
2.805352,261,1194.707994
11.574837,685,1204.798072
16.538964,765,1214.050256
8.952942,462,1219.775968
5.404656,247,1223.127975
19.219347,945,1234.24424
17.446036,763,1243.403739
23.890248,1001,1256.706155
4.372216,215,1259.960451
23.903385,1001,1271.992303
22.677551,1001,1284.041036
22.85741,1001,1296.227439
6.866091,292,1300.179867
19.440081,787,1311.404841
4.207388,243,1314.641184
14.323709,619,1322.213927
7.792822,344,1327.094872
4.237801,193,1329.896379
1.420607,97,1331.550951
24.672561,1001,1343.355377
13.14617,535,1349.803129
10.265916,512,1357.606256
20.232191,1001,1369.469522
2.735294,228,1372.531377
22.728673,1001,1384.014616
9.561063,496,1390.097347
0.718136,88,1391.804778
6.156895,313,1396.102283
5.953203,309,1400.163419
15.837668,683,1410.230491
22.042759,916,1420.958793
23.045427,1001,1432.593672
23.758543,1001,1444.425024
15.441216,576,1451.481149
17.315519,719,1461.958124
5.392178,199,1464.725721
24.697486,1001,1476.418445
24.955285,1001,1488.429353
21.603891,845,1498.681891
24.712856,1001,1511.994282
25.710374,1001,1523.921378
22.44232,1001,1536.344148
11.743253,450,1542.026948
21.59767,1001,1553.994935
22.886891,917,1566.253144
21.436763,1001,1578.090525
28.358474,1001,1590.557178
26.791459,1001,1602.423436
16.309483,633,1611.798389
24.769918,1001,1624.024654
1.892052,110,1625.817859
17.1309,661,1633.677835
9.573943,471,1639.656858
26.325447,1001,1651.379501
6.470398,260,1655.071626
22.684798,1001,1668.521649
17.971029,754,1677.796838
19.053177,671,1686.140518
13.342682,579,1693.306351
7.883695,304,1697.323605
16.184696,652,1705.327196
8.36849,368,1710.076492
26.846045,1001,1723.933425
25.637986,1001,1735.713914
29.682316,1001,1747.650983
4.939954,184,1750.277957
12.823965,443,1755.860025
16.949112,681,1764.08702
24.479725,1001,1777.248812
31.060783,1001,1789.04426
8.623172,374,1793.756655
26.833331,1001,1805.805426
26.983705,1001,1819.136801
18.815796,662,1827.04864
20.074657,679,1835.388294
21.687498,893,1846.158484
29.88147,1001,1858.491495
26.95862,1001,1871.712132
29.651546,1001,1883.601328
26.542378,1001,1895.521481
16.843338,672,1903.856149
28.938607,1001,1915.699469
29.380788,1001,1929.454712
31.387284,1001,1941.089552
6.388005,241,1944.361799
26.376148,1001,1956.368683
30.83342,1001,1969.862623
31.509736,1001,1981.526387
16.320782,558,1988.771019
11.995616,370,1993.506341
23.35333,751,2002.669859
30.478857,1001,2014.125188
30.384132,1001,2027.514374
31.92453,1001,2039.316803
15.79108,524,2046.070737
15.551634,578,2053.69634
22.446648,734,2062.382105
34.756515,1001,2075.800213
11.426665,355,2080.482687
11.671772,402,2085.638897
9.429755,337,2090.067051
8.143964,274,2093.689361
29.437529,1001,2105.528692
8.291966,265,2109.137041
16.617429,572,2116.586114
4.998535,216,2119.619001
32.435325,1001,2133.030128
13.41623,421,2138.436666
30.249535,1001,2150.297939
32.216463,979,2161.806154
15.82329,600,2168.908157
7.111469,263,2172.496559
36.163558,1001,2186.389397
29.269986,1001,2198.399301
32.794307,1001,2210.1648
30.905947,1001,2222.009117
30.860616,1001,2235.243721
30.271373,925,2246.408852
19.219467,578,2253.523818
36.053855,1001,2265.245523
29.016091,1001,2278.397283
7.987588,276,2282.124314
34.315794,1001,2294.052408
31.893586,1001,2305.933628
35.083414,1001,2318.20979
29.728216,950,2331.004565
28.842492,882,2341.815646
9.670363,314,2346.029375
39.683193,1001,2358.075154
33.346203,1001,2369.918473
34.310122,1001,2383.771417
33.740078,1001,2395.892994
35.450621,1001,2407.808159
29.021543,806,2417.392484
34.018585,1001,2430.864447
34.897429,1001,2442.888285
35.794881,1001,2455.010857
12.602401,411,2460.179034
33.154019,926,2471.124793
33.083633,1001,2484.470057
36.249784,1001,2496.345291
10.291906,361,2501.025771
35.972379,1001,2513.178266
20.537449,621,2520.641302
35.825692,1001,2534.173106
36.27887,1001,2546.045349
23.867329,652,2554.128726
18.149582,530,2560.813844
36.20357,989,2572.638215
9.369752,276,2576.611586
30.936972,904,2588.79001
36.029608,1001,2600.504674
20.70177,618,2608.14424
34.382662,1001,2620.145138
34.6814,1001,2633.317902
37.910849,1001,2645.498358
33.088076,1001,2657.517172
38.262118,1001,2669.413351
9.849478,253,2672.71452
44.701992,1001,2686.336083
37.920703,1001,2698.257195
42.889034,1001,2710.457562
10.774084,377,2715.372414
39.003637,1001,2727.338406
39.823751,1001,2740.784439
37.713044,1001,2752.719513
35.640049,1001,2764.598737
8.326198,252,2767.917859
15.552302,400,2773.211699
12.741536,411,2778.645164
10.658299,289,2782.427048
5.265239,199,2786.715577
39.979956,1001,2798.464151
36.516741,1001,2810.535895
40.782537,1001,2822.331309
40.519681,1001,2834.121769
10.167673,279,2839.459558
40.385285,1001,2851.608023
40.123044,1001,2863.490211
9.899598,325,2867.799685
20.320035,553,2874.524695
33.362119,883,2885.105392
29.545449,794,2896.028175
41.48628,1001,2908.5427
24.436107,616,2916.073555
37.962537,1001,2927.909895
39.755494,1001,2941.028803
40.153797,1001,2952.761419
26.362151,649,2960.467804
41.796181,1001,2972.813817
38.929642,1001,2984.853576
43.722953,1001,2998.326535
43.862484,1001,3010.217728
25.071878,634,3018.339004
36.910634,1001,3030.996147
42.324577,1001,3046.642296
44.788667,1001,3059.474969
32.631059,762,3069.251817
44.44837,1001,3082.121392
42.504743,1001,3095.058819
43.555259,1000,3110.194299
0.465332,37,3111.25945
13.828121,378,3116.406173
41.916267,1001,3129.412382
36.499354,1001,3142.47544
42.762361,1001,3156.876918
14.550607,420,3162.370223
23.37849,1001,3174.899708
12.2611,276,3178.673613
15.351164,435,3184.200828
14.404879,380,3189.274257
43.847819,1001,3201.419769
44.639418,960,3214.477839
45.448315,1001,3226.465773
43.867228,1001,3238.746922
43.345811,1001,3251.054001
44.696289,1001,3264.60276
42.497366,1001,3276.794149
44.579614,1001,3288.70429
26.599705,589,3296.07258
19.111197,463,3302.40963
36.091803,763,3313.307479
16.770654,403,3318.522534
19.161318,518,3325.158778
48.492571,1001,3337.325233
42.492481,978,3349.589127
31.647671,731,3358.725688
39.03717,828,3370.744538
38.487401,873,3381.427961
48.112778,1001,3393.464764
33.586461,722,3402.486631
5.809559,177,3405.061744
22.178358,532,3411.644137
43.747459,1001,3425.372414
46.087495,1001,3437.739333
46.19074,952,3449.379198
48.978233,1001,3461.639403
48.036032,1001,3475.359738
45.670286,989,3487.169149
20.75797,502,3493.493233
48.753298,1001,3505.724515
43.699334,1001,3519.566489
43.174005,1001,3531.631217
5.029192,168,3534.094628
41.987224,831,3544.085902
46.253332,1001,3556.206481
50.291909,1001,3570.261883
10.041154,268,3573.804407
31.225223,714,3582.672686
45.983686,1001,3594.685552
17.062729,380,3599.536576
52.532854,1001,3611.331027
1.143327,53,3612.440061
47.049997,1001,3625.381443
49.804516,1001,3637.264657
17.194392,408,3642.416875
52.562737,1001,3654.359929
49.247446,1001,3666.393739
22.611387,540,3674.65165
47.272761,1001,3686.804143
48.668142,1001,3699.270796
39.260413,1001,3711.119103
50.193779,1001,3724.548181
44.572777,1001,3736.996882
47.546389,1001,3748.83721
51.32843,1001,3761.300872
19.02338,423,3766.653565
41.093436,816,3778.115892
44.537107,1001,3790.28534
9.96318,268,3793.827864
47.429395,1001,3805.956421
50.290904,1001,3818.130856
17.914201,364,3822.953955
29.540482,618,3832.534328
37.175681,858,3842.964428
51.194401,1001,3854.748907
46.303008,941,3866.055661
50.48707,1001,3879.71612
52.082611,1001,3891.945408
47.796722,1001,3903.918381
54.459437,1001,3916.037963
50.081853,1001,3929.458065
53.347852,1001,3941.518804
49.468148,1001,3953.418972
55.07597,1001,3965.85371
28.6766,551,3972.917815
21.275789,436,3978.523828
49.601606,1001,3992.350833
54.342963,1001,4004.361704
51.708411,982,4016.221979
47.318836,1001,4028.430323
36.098258,699,4038.690877
12.406019,279,4042.441844
40.476128,770,4051.993294
52.298699,1001,4064.235547
50.609884,1001,4076.48179
14.547859,328,4080.770318
50.638825,1001,4094.731972
11.80237,272,4098.47097
51.17921,1001,4110.477854
35.142546,682,4118.856441
50.688984,1001,4130.718711
52.384531,1001,4144.266471
54.620306,1001,4156.825876
17.715949,373,4161.831486
54.283039,1001,4173.835377
48.792756,1001,4186.082618
52.963,1001,4199.253386
54.708483,1001,4211.315122
34.630788,705,4220.173438
20.654118,448,4225.973911
55.47351,1001,4239.885698
55.464209,1001,4252.068115
52.666996,1001,4264.346272
27.924778,546,4270.975539
45.587273,858,4281.160295
54.474547,1001,4295.075075
31.598355,641,4304.212633
50.458215,1001,4316.510736
53.551871,1001,4328.633309
41.3673,858,4339.133224
38.724785,711,4349.501489
15.176262,365,4354.452246
55.409476,1001,4366.449155
42.595587,851,4376.559112
16.050912,341,4380.929422
49.914341,1001,4392.926332
50.562622,1001,4406.481073
51.339986,1001,4418.87891
36.062633,660,4427.573653
34.088874,691,4436.556624
36.235195,854,4448.876669
40.934113,772,4458.26356
58.508202,1001,4470.221574
22.294542,417,4475.577247
45.995993,809,4485.620383
61.121028,1001,4497.662172
59.616401,1001,4511.738519
56.729924,1001,4523.72346
55.749703,1001,4535.700423
56.779146,1001,4547.994538
37.901515,745,4558.7378
8.642815,204,4561.56823
58.887409,1001,4573.706759
58.673739,1001,4585.893162
61.857047,1001,4597.892066
22.747598,500,4605.53562
61.250773,1001,4617.849681
30.329279,546,4624.650489
58.570381,1001,4636.603516
58.766616,1001,4648.846766
56.993332,1001,4662.613941
57.299635,1001,4674.893095
37.772216,681,4683.602798
54.565545,1001,4695.573776
15.899046,339,4700.00991
57.438713,1001,4713.513788
57.888367,1001,4725.504754
64.121104,1001,4737.527553
60.362928,1001,4750.084964
42.187538,754,4760.893053
53.492971,1001,4772.769285
17.02346,352,4777.354021
55.567864,1001,4789.816685
57.487917,1001,4801.886399
62.050603,1001,4816.033558
63.666612,1001,4828.147153
60.401683,1001,4840.323584
58.760273,1001,4852.404268
36.983701,681,4862.304785
58.44203,943,4873.760248
57.723077,1001,4886.090227
62.808151,1001,4898.002363
67.46546,1001,4909.934446
63.20363,1001,4923.250893
40.284432,721,4932.146093
65.576234,1001,4944.078116
58.375384,1001,4956.136859
67.122649,1001,4969.602874
33.444221,522,4976.088525
60.526962,1001,4988.214094
23.439069,440,4993.799116
63.43267,1001,5005.813976
39.666333,709,5017.008033
50.587612,805,5027.019292
62.210617,1001,5039.071017
59.344755,909,5049.952909
64.70085,1001,5061.925882
62.651236,1001,5075.39289
64.9085,1001,5087.603197
11.271685,245,5090.987148
58.977932,924,5102.102413
55.92717,1001,5114.082368
68.736092,1001,5127.528402
68.314302,1001,5139.77271
17.94095,348,5144.44817
35.38776,592,5151.830396
65.85475,1001,5164.082658
17.964431,326,5168.337268
69.951312,1001,5181.883007
34.962591,582,5189.0259
60.187119,948,5200.48425
52.526109,826,5210.802651
29.538071,490,5217.169619
66.681191,1001,5230.774228
66.243784,1001,5242.814022
62.671766,1001,5255.125091
63.337254,1001,5267.150959
64.765481,1001,5281.148483
8.437345,197,5284.00883
70.124968,1001,5295.99078
62.98709,1001,5307.961758
67.226075,1001,5319.935729
39.677926,652,5329.574972
66.12705,1001,5341.881027
64.952087,1001,5353.986646
64.023582,924,5365.326312
69.059265,1001,5378.990792
64.751271,1001,5390.915864
70.667527,1001,5403.314733
69.618597,1001,5415.540992
68.123418,1001,5429.046094
67.489022,1001,5441.2315
18.892041,321,5445.526012
70.966093,1001,5457.581824
64.988439,1001,5469.827009
68.006443,983,5483.216194
51.907161,787,5492.643975
71.102135,1001,5504.58304
68.532243,1001,5516.486201
67.147461,970,5529.969135
47.678688,696,5540.87197
29.394437,472,5547.918122
21.877216,407,5553.868207
69.032848,1001,5567.736111
21.573355,369,5573.480745
53.145651,836,5585.681109
73.306842,1001,5601.733172
69.026046,1001,5617.070148
67.080584,1001,5630.247934
22.377775,378,5635.2565
70.448411,1001,5648.514207
77.360593,1001,5662.25545
43.903908,657,5670.71183
67.473991,1001,5682.532211
59.470989,941,5693.762172
64.39617,933,5706.083214
70.776107,1001,5717.518625
70.742297,1001,5729.093663
69.240189,1001,5741.31198
73.471758,1001,5754.858743
65.61348,1001,5767.005254
50.037601,789,5776.547727
15.687574,295,5780.463254
70.617277,1001,5792.649656
21.072398,344,5797.373022
48.790483,739,5807.848002
69.942987,1001,5819.728224
72.83843,1001,5831.485773
30.179802,489,5837.47276
77.301614,1001,5849.602314
71.419979,1001,5863.3276
70.408959,1001,5875.582818
55.886426,760,5884.843047
79.849822,1001,5896.755185
80.019587,1001,5910.199222
47.784656,669,5918.222759
36.358756,547,5925.075428
71.723383,1001,5937.560034
72.148125,1001,5949.272704
73.683157,1001,5962.587089
69.060314,969,5974.57203
71.976756,1001,5987.113511
64.008263,779,5996.589136
20.102364,300,6000.661243
71.652283,1001,6014.172103
67.54564,1001,6026.062298
72.525959,1001,6038.120045
12.589742,245,6041.444153
25.451159,370,6046.131614
9.045119,201,6049.055792
76.944294,1001,6062.986529
75.649803,1001,6074.938558
77.462649,1001,6086.995307
21.405924,334,6091.324726
69.590117,1001,6103.516117
28.510044,470,6109.192931
41.644101,634,6118.501032
81.076465,1001,6130.946741
24.847446,401,6136.083002
33.431637,495,6142.299374
31.798751,483,6148.375123
81.560832,1001,6160.36505
79.42954,1001,6173.588677
75.220995,977,6185.355203
66.946266,857,6195.985768
71.777114,863,6206.203436
16.26077,263,6209.725016
72.018998,1001,6223.304692
57.911251,764,6232.739454
29.138017,428,6238.09114
31.809613,459,6244.074135
78.767109,1001,6256.11792
78.78953,1001,6270.036688
25.854022,402,6275.057259
76.219054,1001,6287.032226
75.938348,1001,6298.630203
87.958492,1001,6310.844531
80.923677,1001,6324.255657
81.06611,1001,6336.492923
72.433885,1001,6348.390099
74.75467,1001,6360.446849
76.478204,1001,6373.617618
37.89567,540,6380.28279
79.428752,1001,6392.63076
74.495949,1001,6404.515967
41.715448,585,6411.716706
83.217702,1001,6425.14379
15.21115,274,6428.62049
53.197338,662,6436.668961
38.509202,540,6443.323161
88.988182,1001,6455.237295
24.284034,371,6460.248887
81.173388,1001,6473.577234
49.351373,649,6481.484085
79.744447,1001,6493.316434
44.784107,565,6500.153146
82.555247,963,6511.894738
49.265579,651,6521.493064
31.090314,413,6526.981684
73.843284,892,6537.75686
79.955131,1001,6549.636084
51.461983,641,6557.401314
73.57861,936,6568.614321
84.803722,1001,6581.942667
81.019401,1001,6594.166969
65.813181,781,6603.783245
40.74746,525,6610.290838
78.62444,977,6623.450638
83.098655,1001,6635.430592
70.585122,868,6645.69015
80.543295,1001,6657.975286
77.865258,1001,6669.682032
82.298097,1001,6682.962448
66.276464,771,6692.502957
56.251893,645,6700.358914
79.695905,1001,6712.371781
84.88617,1001,6726.306507
83.307081,1001,6737.948365
64.772999,810,6747.710254
83.081342,1001,6760.001376
82.904313,1001,6771.921492
72.013738,843,6783.583296
90.325,1001,6796.071893
33.429004,446,6801.712802
47.51375,580,6809.040201
69.88704,809,6819.001586
84.637309,1001,6832.382763
83.817647,1001,6844.292939
79.544822,892,6855.499926
62.692619,726,6864.346263
87.571264,1001,6876.268432
88.001117,1001,6889.593728
86.2747,1001,6901.518054
90.369607,1001,6913.592756
89.814727,1001,6926.031495
90.367327,1001,6939.458566
53.0547,667,6947.522994
91.404412,1001,6959.465051
47.6245,543,6966.107283
89.130634,1001,6978.082251
87.659725,1001,6992.076817
84.575291,949,7003.314756
88.808642,964,7014.830951
18.56337,258,7018.156085
84.148466,1001,7031.558252
87.482218,1001,7043.513228
87.113976,1001,7055.826293
56.073377,653,7063.937597
49.439931,595,7071.153294
85.898891,1001,7084.538489
39.50071,471,7090.448681
85.493831,954,7101.947921
88.68611,1001,7114.223086
84.910338,1001,7126.40151
88.683336,1001,7139.820615
74.042139,859,7150.167937
90.290092,1001,7162.002311
79.344018,887,7172.59395
52.026098,646,7180.659375
31.712373,401,7187.427274
84.50567,1001,7199.416202
91.897589,1001,7211.175746
77.854577,879,7221.465223
89.73334,1001,7234.80853
41.008296,492,7240.903228
88.37225,957,7252.698676
92.260023,1001,7264.584882
89.808626,1001,7276.327471
85.871644,1001,7289.69272
90.836284,1001,7301.475232
61.120892,701,7309.927593
90.422333,1001,7322.168849
84.944263,1001,7333.665097
66.49932,746,7344.144068
40.661478,484,7350.173939
90.168907,1001,7362.05017
39.818389,482,7368.075054
35.592785,435,7373.385848
85.451013,1001,7386.944581
39.300858,488,7392.919597
75.528502,847,7402.96373
40.115819,473,7408.928774
71.983329,821,7418.720582
43.395059,512,7425.134426
89.960967,1001,7438.2284
59.286977,686,7446.872279
88.527423,1001,7458.526105
64.420584,732,7467.12311
92.315346,1001,7478.65227
92.936373,1001,7491.837002
91.704452,1001,7503.687303
79.696619,894,7514.670923
90.574202,989,7526.537182
89.940587,1001,7539.719919
87.674256,1001,7551.361778
91.403258,1001,7563.20111
64.805216,733,7572.001569
92.69014,1001,7584.287704
91.971075,1001,7597.672901
74.351878,838,7607.528537
31.901334,394,7612.363603
87.473233,1001,7624.209915
37.60806,487,7630.160001
43.347126,544,7638.189522
88.602465,1001,7650.638223
35.919755,427,7655.863246
45.071915,521,7662.299031
17.371494,234,7665.440664
38.73171,487,7671.366777
91.065865,1001,7683.144272
87.674288,1001,7696.331997
22.752987,306,7700.270463
93.348805,1001,7712.405002
93.581656,1001,7724.384956
90.029694,1001,7736.076682
76.21747,848,7747.678648
93.813513,1001,7759.393312
69.220605,759,7768.352347
77.22653,844,7778.861237
91.423512,1001,7792.07988
90.883775,1001,7803.903252
93.616942,1001,7815.771506
89.825974,1001,7827.440292
92.180068,1001,7841.02296
93.334272,1001,7852.827384
91.714542,1001,7864.33165
84.977805,954,7875.643353
47.116239,551,7882.334456
92.145983,1001,7895.975965
64.419369,759,7906.578605
54.098082,632,7914.237118
53.958042,612,7921.652285
64.091248,718,7930.145565
1.039355,45,7931.18379
71.512571,784,7940.469948
91.863656,1001,7953.750424
89.695379,1001,7965.513958
57.363932,653,7973.709038
93.163323,1001,7985.533436
92.511665,1001,7998.687222
90.531307,1001,8010.273232
93.01419,1001,8021.975927
82.974377,891,8032.569589
24.758341,313,8036.971816
92.136223,1001,8050.385932
82.649521,946,8061.64681
91.757128,1001,8073.699571
56.459018,637,8081.545584
82.240232,902,8093.859644
90.908479,1001,8106.046047
81.932084,894,8116.636717
92.811832,1001,8128.458097
93.471371,1001,8140.249556
74.540011,821,8151.471537
92.694646,1001,8163.395703
93.024009,1001,8175.382578
94.089108,1001,8187.493183
92.248041,1001,8200.988085
92.733167,1001,8212.825421
91.807008,1001,8224.807371
92.420705,1001,8236.97981
93.185356,1001,8250.336084
39.237546,445,8255.897209
93.223262,1001,8267.512139
44.512625,503,8273.692606
60.235097,672,8281.688219
48.196236,543,8288.404254
93.85441,1001,8302.286158
36.955463,448,8307.88315
89.561328,1001,8319.695554
90.470451,1001,8331.559817
28.964866,364,8336.302133
47.685566,563,8343.322353
41.03129,488,8350.992835
59.780465,666,8359.164975
32.466914,394,8364.330159
91.568986,1001,8376.791825
81.987667,920,8387.951972
90.208879,1001,8401.241425
91.943286,1001,8413.193454
51.452923,589,8420.409153
90.603653,1001,8432.446952
92.600021,1001,8444.520656
35.120716,416,8451.182836
81.239341,879,8461.791461
91.019282,1001,8473.844218
66.249056,743,8482.863094
45.794403,552,8489.725737
94.318547,1001,8503.598628
53.81983,605,8511.010802
90.641343,975,8522.742419
80.898873,879,8533.272254
43.576043,494,8539.440754
57.397246,647,8547.33364
33.133632,407,8553.984849
55.836735,626,8561.702208
94.180387,1001,8573.725046
36.875005,426,8579.011904
92.583848,1001,8590.87916
41.472237,480,8596.777383
55.655068,621,8605.85909
93.407362,1001,8617.687451
93.782279,1001,8629.932695
91.549249,1001,8641.893701
92.591827,1001,8655.589067
91.633688,1001,8667.691192
90.575996,1001,8679.69209
93.058291,1001,8691.536409
84.284728,935,8703.303932
33.188391,410,8709.963118
94.31998,1001,8721.96302
91.7921,1001,8733.95195
93.106083,1001,8745.917942
94.054828,1001,8759.568428
91.768836,1001,8771.822648
93.937945,1001,8783.768694
93.137428,1001,8795.737717
44.683495,516,8802.137559
82.501636,909,8814.419705
92.142209,1001,8826.681906
93.835498,1001,8838.739653
37.9815,441,8844.139208
82.179966,915,8855.151787
93.625813,1001,8868.623715
50.079781,579,8875.85537
93.932152,1001,8887.73962
90.267903,970,8899.444303
91.838667,1001,8912.770684
92.884105,1001,8924.708692
52.082802,590,8931.968273
94.146318,1001,8943.973161
92.251421,1001,8955.717746
93.416077,1001,8969.410119
91.980385,1001,8981.275382
75.827103,828,8991.221775
92.72934,1001,9002.858647
89.09195,977,9015.798035
89.966757,1001,9028.095143
93.709597,1001,9040.062131
88.548974,952,9051.374871
92.449757,1001,9064.737129
34.699639,413,9069.917273
91.771344,1001,9081.617973
41.709989,483,9087.640862
88.117341,958,9099.340568
91.274915,1001,9112.684872
91.83025,1001,9124.566091
59.135376,655,9132.46297
49.526375,550,9139.274747
93.248869,1001,9151.207827
91.303138,1001,9165.038831
93.42829,1001,9176.963931
56.198061,622,9184.575572
91.902392,1001,9196.320155
94.015628,1001,9208.382889
64.522266,702,9218.49085
92.950699,1001,9230.938554
53.852499,592,9238.172244
93.624637,1001,9250.056415
23.830338,307,9254.0996
93.298466,1001,9267.501791
60.356702,670,9275.751723
89.496662,973,9287.634913
35.518193,415,9292.948682
42.028222,492,9299.015485
60.033958,674,9307.17267
93.491313,1001,9320.561819
66.090794,726,9329.215671
93.677567,1001,9341.168699
94.228553,1001,9353.420924
92.971708,1001,9365.386916
93.963502,1001,9378.688337
93.446742,1001,9390.760045
93.047247,1001,9402.56447
93.439508,1001,9414.417764
92.715651,1001,9428.131081
93.071225,1001,9439.901596
93.769078,1001,9451.859611
92.63494,1001,9463.630163
46.805532,524,9471.50905
95.149499,1001,9483.512968
87.940589,948,9495.012181
94.187179,1001,9506.957268
93.967094,1001,9520.341463
92.535352,1001,9532.273509
92.387552,1001,9544.201602
93.473065,1001,9556.627364
90.616798,1001,9570.021536
92.498396,1001,9582.034404
92.556831,1001,9593.961499
91.233621,976,9605.365994
93.961959,1001,9617.668086
32.741874,378,9623.978207
13.738799,200,9626.831574
92.324571,1001,9638.637995
92.73615,1001,9650.562099
89.781527,1001,9662.567022
71.379833,784,9673.426936
93.210141,1001,9685.776901
93.954734,1001,9697.559383
90.775381,1001,9709.496454
93.120344,1001,9722.913564
93.68995,1001,9734.873571
54.39585,604,9742.312709
77.84636,834,9752.734794
94.727492,1001,9764.715746
94.721451,1001,9777.852606
94.211498,1001,9789.770755
94.519076,1001,9801.805534
32.392116,381,9806.784217
92.971632,1001,9819.098278
92.464126,1001,9832.518381
93.796644,1001,9844.390623
92.161656,1001,9856.112269
93.030071,1001,9868.295679
34.619386,395,9874.919959
93.969143,1001,9886.990672
92.981522,1001,9898.86491
93.231544,1001,9910.600517
93.183008,1001,9922.44284
93.392431,1001,9935.902836
77.296826,843,9946.228218
82.553354,891,9956.928595
92.745213,1001,9968.805823
94.233203,1001,9982.083307
94.38745,1001,9994.026361
35.901751,430,9999.561556
87.190569,934,10010.852352
93.146679,1001,10022.741586
92.509869,1001,10036.108794
95.019962,1001,10047.815479
62.84993,708,10056.47332
94.119959,1001,10068.112189
94.115491,1001,10081.735746
90.661581,1001,10093.538175
93.761058,1001,10105.3157
92.594676,1001,10117.050282
91.287737,1001,10130.434517
92.51819,1001,10142.659779
93.623701,1001,10154.636741
93.256543,1001,10166.577801
92.431226,1001,10180.081679
94.148357,1001,10191.845253
93.555112,1001,10203.748372
93.768392,1001,10216.089361
95.363857,1001,10229.318974
94.515426,1001,10241.249061
49.017165,557,10248.136637
94.198644,1001,10260.297111
94.332138,1001,10272.315961
92.805362,1001,10285.850756
92.267094,1001,10297.891548
93.011529,1001,10309.774821
94.347547,1001,10321.722801
94.072362,1001,10334.961391
94.265143,1001,10347.214612
93.151071,1001,10359.226483
92.560122,1001,10371.174522
93.132841,1001,10384.673454
92.916379,1001,10396.561614
92.835049,1001,10408.781926
93.923864,1001,10420.589342
94.18993,1001,10433.895751
94.831272,1001,10445.853803
92.076297,1001,10457.736976
94.117063,1001,10469.821651
93.03445,1001,10483.344478
92.053841,1001,10495.348369
94.483166,1001,10507.240558
94.379929,1001,10519.100832
55.812942,622,10526.568857
92.991883,1001,10540.387892
93.373584,1001,10552.101559
94.645876,1001,10564.091487
93.275958,1001,10575.984673
79.216871,844,10587.5637
49.459364,546,10594.332593
93.677612,1001,10606.75736
93.708805,1001,10618.422156
94.468767,1001,10631.886143
35.765684,422,10637.252786
94.273734,1001,10648.983407
93.393195,1001,10660.894546
93.755035,1001,10673.164726
93.550513,1001,10686.578843
94.162866,1001,10698.436126
92.991226,1001,10710.443044
93.078997,1001,10722.533668
92.797997,1001,10735.954795
92.634547,1001,10748.22597
92.76934,1001,10760.254767
93.112504,1001,10771.956466
92.292941,1001,10785.504228
93.450842,1001,10797.556987
92.90664,1001,10809.991726
90.049082,1001,10821.886906
95.087146,1001,10835.382805
95.470446,1001,10847.464488
93.93872,1001,10859.301826
90.54536,1001,10871.629848
95.531865,1001,10885.149683
93.078301,1001,10897.013949
93.129297,1001,10908.75458
70.911742,765,10917.867167
94.976905,1001,10929.627746
94.548274,1001,10943.140563
94.361909,1001,10954.899146
94.858407,1001,10966.497114
93.894624,1001,10978.559819
95.094768,1001,10992.137501
95.27414,1001,11004.494448
93.257664,1001,11016.392634
94.37119,1001,11028.160143
66.225626,728,11038.540377
93.07208,1001,11050.485425
94.101102,1001,11062.87133
94.354422,1001,11074.895132
67.701987,739,11083.749483
41.986472,469,11091.061886
92.876366,1001,11102.850353
90.79845,1001,11114.990878
93.54635,1001,11127.005741
92.370081,1001,11140.840732
93.758322,1001,11152.545424
94.133504,1001,11164.470525
94.985658,1001,11176.321825
94.771612,1001,11189.706022
93.367046,1001,11202.181651
94.835094,1001,11214.206486
94.137889,1001,11226.342064
93.990385,1001,11239.730212
92.996926,1001,11251.797933
89.375332,1001,11264.162884
94.486654,1001,11275.939355
92.259961,1001,11287.886398
94.909411,1001,11301.177845
45.788454,522,11307.541822
94.88276,1001,11319.345284
94.477386,1001,11331.645347
95.059493,1001,11344.891914
94.852287,1001,11356.739222
93.995894,1001,11368.705215
92.340343,1001,11380.629319
93.074088,1001,11394.378541
89.237444,1001,11406.381434
94.424708,1001,11418.419235
93.737346,1001,11430.382235
93.542735,1001,11443.948972
94.100981,1001,11455.84616
56.603616,631,11463.838741
90.537083,1001,11475.773816
92.137121,1001,11487.703906
82.061544,868,11500.494691
93.936472,1001,11512.950376
92.893639,1001,11525.44495
94.032937,1001,11537.404958
92.36388,1001,11551.008569
95.498853,1001,11562.980545
83.118057,886,11573.657015
93.781401,1001,11585.492333
92.578538,1001,11599.221644
94.246613,1001,11611.215521
94.491082,1001,11623.138629
50.294133,549,11629.866631
94.703711,1001,11641.865535
94.13925,1001,11655.796274
94.262356,1001,11667.87596
90.767884,1001,11679.669412
60.900904,663,11687.794679
94.033873,1001,11701.128013
94.897563,1001,11713.086065
59.294554,648,11721.226292
93.059515,1001,11733.333899
91.98845,1001,11745.340747
95.41446,1001,11758.72694
91.911465,1001,11770.816604
93.003602,1001,11782.713778
31.95908,387,11788.074439
95.642608,1001,11801.566349
93.520438,1001,11813.537328
92.388652,1001,11825.555183
94.045904,1001,11837.511199
65.791643,737,11846.404473
93.331488,1001,11860.40895
94.393464,1001,11872.268228
93.168487,1001,11884.139473
93.908647,1001,11896.053663
94.022602,1001,11909.257285
30.353084,359,11913.961701
94.35022,1001,11926.331615
94.138677,1001,11938.298603
95.093494,1001,11951.848358
93.987247,1001,11963.869204
93.96428,1001,11975.870102
95.312372,1001,11988.25996
94.57443,1001,12000.021499
93.623466,1001,12013.551339
95.080921,1001,12025.526277
91.695222,1001,12037.67478
93.353725,1001,12050.012777
94.455959,1001,12063.38002
93.488177,1001,12075.413831
94.684926,1001,12087.495551
92.271987,1001,12099.480483
94.684404,1001,12113.056141
94.741923,1001,12125.216649
94.596992,1001,12137.024029
94.422682,1001,12148.871339
95.30212,1001,12162.255598
94.590296,1001,12174.226517
40.163236,458,12180.117758
94.201108,1001,12192.26327
95.135001,1001,12206.058369
94.751806,1001,12219.849479
93.861466,1001,12237.166158
95.575434,1001,12260.48578
94.775207,1001,12276.518894
94.84464,1001,12291.446
94.521856,1001,12303.318208
93.840449,1001,12315.76292
94.857342,1001,12327.81867
94.846013,1001,12341.350474
71.168018,772,12350.814161
94.042944,1001,12362.722306
40.239462,455,12368.393137
94.669988,1001,12380.855802
91.320572,1001,12394.229029
83.186301,879,12404.699024
94.585659,1001,12416.813616
94.674642,1001,12428.752716
93.604822,1001,12442.533818
92.753625,1001,12454.679365
93.665219,1001,12466.701171
93.017161,1001,12478.520556
94.854043,1001,12491.918717
94.741236,1001,12503.690231
93.415077,1001,12516.062137
94.400274,1001,12527.825705
94.282381,1001,12540.949564
94.931635,1001,12552.99235
93.739232,1001,12564.657149
93.655454,1001,12576.828591
54.739247,620,12585.989087
94.734351,1001,12597.993975
94.328284,1001,12609.626859
95.460819,1001,12621.53301
93.726086,1001,12635.061821
56.584231,616,12642.945734
95.469425,1001,12654.91372
93.607884,1001,12666.578519
95.573359,1001,12678.413859
95.085654,1001,12691.671397
95.298874,1001,12703.587521
95.046842,1001,12715.939482
40.961653,470,12721.81277
94.599144,1001,12733.700999
