#{"t_start": 1640660537.5527205, "env_id": null}
r,l,t
5.116111,1001,10.537812
2.44778,433,15.423787
0.099505,66,16.668424
1.325254,682,23.773418
2.327515,330,27.425649
-0.809476,938,37.138666
0.892347,250,40.35706
0.989825,198,43.001984
3.691088,573,49.926463
4.215315,591,56.856957
1.919901,541,62.80202
1.226267,245,66.168017
0.665859,135,68.371123
0.412198,312,72.135055
0.095702,80,73.48645
0.027318,25,74.392016
0.02004,21,75.364419
2.224804,403,79.949152
0.837988,131,81.742356
1.405749,396,85.969049
1.038429,195,88.199084
3.57429,1001,98.094615
-0.588292,536,103.697158
2.809362,667,109.735969
1.549633,382,117.320894
1.817625,685,140.782137
0.393019,715,164.049898
0.462613,112,168.076196
0.479785,77,171.052204
0.965627,239,179.415796
0.498601,71,182.258193
0.020085,19,183.407166
-0.004607,24,184.779448
0.476499,85,188.244181
0.028746,19,189.442974
0.039529,23,190.777405
0.75145,161,196.354486
0.325217,77,199.280661
0.018113,20,200.478482
-0.008284,45,202.519995
0.089855,73,205.378387
0.399827,61,207.958483
0.079395,25,209.305883
-0.11669,53,211.541931
0.068113,33,213.167513
0.070374,47,215.206104
0.084971,20,216.425798
0.4594,65,219.069764
0.0732,71,221.927082
0.077117,70,224.658776
0.688505,87,227.948985
0.068533,47,230.000487
0.049867,31,231.586281
1.392619,155,237.048635
0.09558,46,239.013377
0.526661,98,242.635569
0.770069,176,248.703338
0.193857,105,252.816337
-0.065952,20,254.054025
0.931886,192,260.623453
-0.165168,34,262.260075
0.27872,99,266.000071
-0.174292,100,269.736078
0.27411,56,272.026957
0.088545,91,275.35405
0.10663,66,277.995983
0.045057,33,279.584733
-0.034054,254,288.084996
0.078704,47,290.131521
0.333255,54,292.398458
-0.892666,182,298.667688
0.591109,159,304.096167
0.081151,178,310.210811
0.674827,170,316.193807
0.169697,229,324.265217
0.988392,357,335.965919
1.456822,640,356.512958
0.278327,84,359.758276
0.921474,367,371.905782
1.231482,294,381.718534
0.864701,1001,414.096925
1.139472,344,425.311926
-0.376359,698,448.259543
0.348641,201,455.817327
2.740922,1001,493.014827
-0.238889,1001,537.318318
-1.765761,1001,570.453684
-4.685975,745,594.763657
-0.496342,485,610.30708
0.497639,612,630.134045
0.368611,77,633.135017
6.036558,567,651.759199
4.201572,434,665.928298
3.71107,357,677.650941
10.396765,867,705.27106
7.092542,641,726.166167
-0.042869,37,727.91449
0.066721,39,729.70171
-2.024363,703,752.130714
2.955486,823,778.401442
2.305881,664,799.691493
-2.02078,313,810.067738
-0.19574,63,812.590988
-1.02516,180,818.809354
-0.181867,40,820.634473
-0.210666,51,822.768764
-0.000765,21,823.985509
-0.106982,90,827.357489
0.292474,85,830.581864
-0.198643,58,832.939558
0.064759,388,845.7463
-0.118653,227,853.443712
0.051549,89,856.783777
0.63125,197,863.471886
-0.353837,192,869.973495
-0.107794,82,873.075198
-1.29301,194,879.707458
-1.130643,138,884.50662
-0.622264,167,890.27519
0.475844,352,901.68866
-0.089136,58,904.073281
-1.040373,254,912.904658
-0.057651,48,915.033962
-0.638418,195,921.688163
-0.278851,53,923.893264
-0.164154,57,926.244974
-1.585268,284,935.6558
-0.967319,249,944.002475
0.097358,279,953.317557
-0.491557,52,955.531635
-0.231886,70,958.231413
0.078433,134,962.960763
-0.215195,53,965.149906
-0.133615,124,969.54116
-1.039177,184,975.985922
-0.563168,116,980.427042
-0.293191,57,982.735865
-0.717593,575,1001.270288
-1.43318,1001,1032.765042
-3.090488,732,1056.391842
2.261225,430,1070.438269
3.363897,258,1079.016324
3.16986,443,1093.497587
0.078738,153,1098.800404
2.08727,151,1104.08028
-0.419915,369,1116.525988
2.855277,302,1126.422516
2.921371,269,1135.321712
3.472654,254,1143.881814
1.484429,116,1148.066621
0.370445,110,1152.027026
0.455842,113,1156.052259
0.602838,78,1159.083152
0.195897,110,1163.000673
0.766369,101,1166.673848
0.286697,102,1170.41484
0.384153,56,1172.854317
0.292467,66,1175.625902
1.076051,116,1179.867555
0.42059,84,1183.054033
0.383888,74,1185.93744
0.25085,41,1187.76252
0.469584,71,1190.563029
0.248996,74,1193.465268
0.350504,93,1196.965953
0.261013,51,1199.127192
0.739823,147,1204.260428
0.239452,46,1206.296981
-6.339988,1001,1238.146748
-5.624332,1001,1270.162108
-8.551941,1001,1302.029867
-1.54203,580,1321.135826
-5.40809,511,1337.782231
-4.524523,720,1360.582244
-7.36474,739,1384.534174
5.949204,480,1400.100572
-0.019309,16,1401.179676
2.94745,267,1410.150653
0.063971,34,1411.816197
0.543016,172,1417.780242
0.282725,151,1423.027278
0.683641,151,1428.328029
1.136139,173,1434.301095
0.059456,39,1436.13315
1.677677,244,1444.613468
0.421086,126,1449.051662
0.529311,90,1452.429561
0.709604,98,1456.052868
3.641244,250,1464.548143
0.187513,375,1476.756488
1.283796,161,1482.335601
2.288682,192,1488.868089
0.563804,82,1491.977771
0.082093,61,1494.466179
-0.019842,17,1495.563182
5.276498,542,1513.240894
0.339983,81,1516.28176
0.950614,249,1524.583601
0.83326,353,1536.253339
6.262196,926,1565.808281
1.090733,185,1572.546257
4.022654,414,1586.085043
3.494118,456,1600.891436
0.439137,121,1605.310615
1.017013,262,1614.087139
1.23712,157,1619.552522
1.7683,229,1627.229984
1.110442,230,1635.219613
0.834686,154,1640.786722
1.990944,585,1659.581445
2.505966,281,1669.33735
-0.211535,168,1675.153793
1.696924,386,1688.293249
-0.237817,371,1700.6591
0.516995,98,1704.955609
0.606553,227,1713.552611
1.011437,297,1724.667879
-0.015547,16,1725.815809
-0.013484,18,1727.042527
0.077089,57,1729.623623
-0.039052,17,1730.804465
-0.060089,19,1732.07411
0.263027,457,1748.913025
-0.73307,202,1756.655317
-1.796435,1001,1792.216228
-1.976484,1001,1828.33863
-1.455874,1001,1864.844918
-0.406519,466,1881.904286
-0.751151,1001,1918.09847
-0.318499,187,1925.256323
3.525805,1001,1959.833833
-0.078161,81,1963.439187
0.093908,91,1967.432505
-0.238919,178,1974.334078
-0.087295,54,1976.829369
0.37313,291,1987.84291
-0.055056,20,1989.126476
0.852841,244,1998.440602
-0.244393,134,2003.721437
0.586961,425,2018.909809
3.177137,511,2037.72847
0.104953,66,2040.675588
-0.875684,127,2045.832825
0.16676,123,2050.783548
0.030402,72,2053.936116
-0.121276,371,2067.758143
-0.111757,108,2072.203287
1.037372,432,2088.020942
-1.045159,226,2097.06874
0.358724,265,2107.10091
-2.430131,470,2124.47144
-0.04673,16,2125.596472
-0.058823,50,2127.992064
-0.203864,70,2131.024945
-1.925461,589,2152.544348
0.028226,19,2153.801985
-0.610068,183,2161.276988
-0.736208,261,2171.392962
-1.372186,297,2182.60793
-0.63673,228,2191.323617
-6.234019,536,2211.090742
-0.209841,254,2220.851664
-2.222824,297,2232.456626
-5.850859,872,2263.409793
1.241946,247,2272.727901
4.047398,684,2297.884614
-0.025081,19,2299.11731
0.001388,22,2300.487643
0.020041,18,2301.728295
0.02913,19,2302.979945
3.961906,607,2324.164313
0.03124,20,2325.472811
0.002034,18,2326.709472
0.009934,23,2328.12871
1.845816,248,2337.569422
3.47455,505,2355.804644
3.776422,1001,2392.309032
7.252532,1001,2426.363904
-4.45292,989,2458.207724
-5.560011,1001,2490.986045
-4.935069,858,2518.599222
-0.942948,185,2525.075895
-0.144021,1001,2557.642745
-6.178438,1001,2590.065017
0.64181,268,2599.077945
1.022941,105,2602.975544
1.860269,161,2608.648311
1.222926,176,2614.712125
-0.001204,140,2619.791562
5.92596,401,2633.317322
1.111664,463,2648.499748
0.15625,188,2654.943474
2.141845,186,2661.347405
1.923169,184,2667.759229
5.667919,504,2684.254107
-0.701731,360,2696.596056
1.024277,122,2701.07009
1.371884,158,2706.628222
1.959497,195,2713.427037
-0.155531,189,2719.944637
1.465311,118,2724.226148
1.152466,111,2728.323248
-2.680592,508,2745.111284
1.400288,95,2748.755535
4.1397,277,2758.480522
1.718004,147,2763.701556
2.739304,241,2771.838817
2.687277,268,2780.898616
1.482427,128,2785.471323
2.577903,229,2793.322322
2.312606,403,2806.742463
0.45288,922,2836.577656
-1.92919,1001,2869.519501
-4.557203,707,2892.793247
-0.023787,223,2900.448804
-2.318519,539,2917.976953
0.552623,142,2923.029368
-0.968708,456,2937.945469
1.097073,328,2949.01785
0.863165,96,2952.758843
-5.062299,1001,2985.126263
1.1749,410,2998.678014
2.891964,312,3009.211865
8.872842,808,3035.676048
1.246771,105,3039.516775
3.055981,480,3055.176884
4.634155,486,3071.019506
1.362407,172,3077.013475
2.174034,237,3085.481821
7.792488,1001,3117.697649
-0.019223,21,3118.928354
2.099601,236,3126.939984
1.132058,127,3131.503717
2.507381,508,3148.333697
-0.075789,677,3170.327868
1.22028,292,3180.130646
2.204141,1001,3212.311602
-2.268335,882,3240.949959
-0.668746,346,3252.502057
-0.639902,286,3262.102378
-1.871692,388,3274.975941
-1.636513,1001,3307.418161
-1.032429,275,3316.63657
1.078545,414,3330.175331
-0.501878,733,3354.211991
0.029993,373,3366.506106
0.557665,116,3370.81857
0.776653,906,3399.852908
2.623106,514,3417.277297
1.479887,813,3443.562025
0.198578,233,3451.535659
-0.669751,364,3463.567476
-0.705351,206,3470.721339
0.050246,253,3479.53975
-0.8367,1001,3511.948061
0.778539,121,3516.368239
2.182188,201,3523.296704
-0.95116,1001,3555.921436
6.394672,1001,3588.235999
1.489265,235,3596.284533
6.922086,953,3627.405223
7.869825,1001,3659.807552
3.521411,528,3677.481276
7.08146,1001,3709.836727
6.868871,1001,3742.353782
3.26729,362,3754.376646
1.828061,226,3762.177719
2.660555,455,3777.227462
2.897499,421,3790.995633
6.666124,1001,3823.64131
0.617551,87,3826.941481
9.093825,1001,3859.317915
9.366117,1001,3891.993474
-0.254729,52,3894.216526
7.728075,745,3918.494584
2.225458,370,3930.782715
11.110831,1001,3963.433378
9.956441,1001,3995.802792
8.105782,1001,4028.751657
1.354504,253,4037.402516
4.4839,426,4051.56566
6.552317,1001,4084.536437
6.25739,1001,4116.987661
6.781734,1001,4149.711102
6.270403,1001,4181.967817
1.298975,217,4189.422875
6.186357,858,4217.738163
6.90752,1001,4250.325966
2.027881,430,4264.777347
0.792725,180,4271.130316
1.776359,336,4282.452031
0.176716,25,4283.842373
2.959303,345,4295.429317
8.260559,1001,4327.914422
1.277855,1001,4360.787527
0.465812,1001,4393.43217
6.673834,1001,4426.269369
4.120589,478,4442.102982
1.483496,200,4449.011526
4.013404,299,4459.083596
1.123908,134,4464.209844
3.935299,648,4485.409138
5.851886,651,4506.85577
0.737008,85,4510.172898
8.364565,1001,4543.18958
0.818505,74,4546.075897
1.178889,136,4550.982763
10.602244,1001,4583.433967
17.394107,1001,4616.340907
4.769926,680,4638.592387
1.38824,964,4670.479128
9.020632,1001,4702.831552
2.841959,184,4709.358095
14.002513,1001,4742.233156
8.4306,518,4759.302499
15.510622,1001,4791.947176
5.330659,346,4803.651874
15.942343,1001,4836.393286
3.13648,194,4843.170215
8.598177,571,4862.232169
4.422862,327,4873.236763
4.069585,301,4883.514243
4.961728,438,4898.15109
7.536748,563,4916.848078
12.952058,1001,4950.163987
1.942262,193,4957.122347
5.470207,360,4969.360648
3.428662,255,4978.141124
12.935274,1001,5011.194708
10.396011,1001,5044.033867
5.221253,1001,5077.158261
9.288301,818,5103.916684
10.304377,1001,5137.168739
11.390513,1001,5170.0438
1.046766,72,5172.900159
3.480231,358,5185.324924
0.96204,66,5188.062602
4.672636,477,5203.951161
12.666944,829,5231.338841
2.986621,299,5241.514622
9.59106,1001,5274.870399
3.148402,177,5281.073804
10.713285,935,5311.886386
6.963919,519,5329.536173
7.985115,447,5344.554998
13.663919,774,5370.023871
0.143478,20,5371.245604
5.417827,226,5379.14252
4.304153,222,5387.065286
6.70017,482,5403.991012
5.394414,218,5411.873926
10.094207,401,5425.512445
5.779643,277,5435.139694
4.510393,327,5446.55017
1.007264,63,5449.308791
10.227154,727,5473.4562
15.321531,806,5500.064025
18.047346,941,5531.317425
0.828556,63,5533.933427
10.06723,431,5548.465555
8.84531,286,5558.354104
15.036452,673,5580.974597
4.155226,193,5587.816296
6.9316,294,5597.988087
0.212353,30,5599.516001
5.581476,252,5608.22972
5.483403,298,5618.488287
4.297195,202,5625.596304
5.229086,328,5636.919947
10.514622,356,5649.568115
17.880475,917,5679.886085
12.771087,459,5695.27585
2.966066,141,5700.432058
16.941488,507,5717.691889
34.515501,1001,5750.710636
26.562669,720,5774.718349
37.850696,1001,5808.007303
38.805226,1001,5841.309223
11.013957,289,5851.334408
27.995538,753,5876.270719
40.796609,1001,5909.718237
31.318128,1001,5942.706993
17.997091,689,5965.543967
2.604723,105,5969.598064
31.080468,753,5994.934291
1.687287,77,5997.985131
3.143198,113,6002.20185
25.015912,715,6025.935366
17.052586,587,6046.016686
21.422624,576,6065.22826
2.104907,87,6068.623179
1.845827,75,6071.646094
8.059276,232,6079.678643
17.536115,498,6096.348053
2.529612,90,6099.901512
43.014634,1001,6133.416861
9.320829,253,6142.20635
9.78579,242,6150.675756
41.296262,1001,6184.462319
16.706636,370,6197.151416
31.61105,688,6220.204711
5.211078,137,6225.304071
3.837567,112,6229.467934
4.533844,130,6234.393757
10.874717,297,6244.758033
25.26717,514,6262.150512
5.040178,133,6267.082318
5.978326,161,6272.927683
3.67411,147,6278.29732
4.825941,145,6283.540296
9.813742,228,6291.569816
48.089693,1001,6325.004381
24.45034,613,6345.491581
1.190713,55,6347.835311
18.904908,352,6359.89605
3.411006,111,6364.100838
2.953999,90,6367.859748
37.831686,1001,6401.272371
4.489415,153,6406.878376
8.010355,225,6414.827116
12.81446,322,6425.915453
9.048348,325,6437.577259
2.320537,102,6441.421006
20.580722,542,6459.681161
12.008179,348,6471.652113
6.788421,170,6477.792687
11.935509,288,6487.742073
4.721206,162,6493.668221
10.127322,292,6504.161153
26.26142,627,6525.227802
8.180849,199,6532.342838
7.073431,167,6538.394583
7.465426,172,6544.521194
5.353565,206,6551.882504
4.148087,122,6556.489181
8.604345,302,6567.306245
26.892369,1001,6600.837552
18.201869,502,6617.85603
32.820472,801,6645.205871
42.060442,1001,6678.810981
43.344066,1001,6712.702323
44.104695,1001,6746.240613
33.714135,614,6767.321223
23.041337,386,6780.643587
16.760064,322,6791.877538
63.203192,1001,6825.449734
19.717253,359,6838.223565
62.763126,1001,6871.788781
14.766782,295,6882.15206
63.838154,1001,6916.009497
59.864404,1001,6949.54878
12.457663,257,6958.776098
60.941027,1001,6992.478945
11.973862,239,7000.910392
63.18734,1001,7034.83764
55.781158,1001,7068.267219
36.976603,614,7089.184308
59.261114,1001,7123.059684
66.519818,1001,7156.698673
64.304888,1001,7190.566079
64.649048,1001,7224.554201
47.215951,1001,7258.177293
48.28268,1001,7292.261054
39.863518,1001,7325.772417
61.661268,1001,7359.769477
58.370941,1001,7393.392536
50.443664,1001,7427.569118
58.855767,1001,7461.12043
63.980033,1001,7495.082525
45.661316,1001,7528.912034
60.60261,1001,7562.936023
38.898215,1001,7596.594988
56.236446,1001,7630.762634
58.290085,1001,7664.443499
64.307084,1001,7698.689895
64.379696,1001,7732.52838
60.370276,1001,7766.661077
52.78508,1001,7800.295109
54.007867,1001,7834.227342
63.753713,1001,7867.964099
59.226303,1001,7901.999086
59.999173,1001,7935.766733
60.519699,1001,7969.874498
58.405189,1001,8003.507532
57.343843,1001,8037.48764
64.618281,1001,8071.099729
60.230474,1001,8105.154636
61.877789,1001,8139.053957
68.807879,1001,8172.974224
60.373861,1001,8207.027135
61.83503,1001,8240.985361
58.881352,1001,8274.931498
60.449781,1001,8308.546579
66.484927,1001,8342.557603
63.284489,1001,8376.280427
64.145014,992,8410.008178
65.187487,1001,8443.597331
67.19875,1001,8477.325113
58.14836,827,8505.243433
69.211504,1001,8539.278393
27.23229,432,8554.251342
71.779341,1001,8587.713831
67.979905,1001,8621.864482
65.736314,1001,8655.648116
67.726316,1001,8689.90847
20.388995,340,8701.740881
60.231018,1001,8735.834621
73.765564,1001,8769.214334
74.504124,1001,8803.382936
69.712499,1001,8836.953201
68.194131,1001,8870.941225
70.745125,1001,8904.59221
56.378953,1001,8938.628166
59.479475,1001,8972.26021
65.557285,1001,9007.289504
59.729729,1001,9040.894614
71.595691,1001,9074.802948
73.762022,1001,9108.455892
77.319027,1001,9142.405118
75.29007,1001,9176.075046
75.978372,1001,9210.082659
80.159448,1001,9243.856318
78.105371,1001,9278.047894
76.007082,1001,9311.661943
74.170914,1001,9345.717882
77.582568,1001,9379.47062
73.33504,1001,9413.493553
73.045401,1001,9447.195463
74.682676,1001,9481.125642
76.164199,1001,9514.857412
77.163855,1001,9548.510395
77.155288,1001,9582.137839
78.256344,1001,9616.094727
78.027484,1001,9649.72697
82.210565,1001,9683.705143
80.236544,1001,9717.447824
77.502228,1001,9751.284315
71.608058,1001,9785.225524
75.284502,1001,9818.821657
75.126141,1001,9852.68009
76.136173,1001,9886.510597
78.172219,1001,9920.726072
78.031507,1001,9954.391021
77.652615,1001,9988.196594
76.988877,1001,10021.640609
75.700222,1001,10055.433217
80.064356,1001,10088.917649
79.33422,1001,10122.808992
77.298904,1001,10156.360246
80.318445,1001,10190.565749
79.407293,1001,10224.235685
81.148323,1001,10258.050234
77.970448,1001,10291.467845
82.912703,1001,10325.259455
80.398311,1001,10358.825668
79.888109,1001,10392.783834
80.164303,1001,10426.277242
82.472762,1001,10459.974105
79.75982,1001,10493.269045
83.520697,1001,10527.609187
79.242757,1001,10561.433709
81.991744,1001,10595.222328
83.469836,1001,10628.617646
83.801327,1001,10662.375346
79.200092,1001,10695.920617
76.653255,1001,10729.86083
76.430962,1001,10763.286419
78.24129,1001,10797.089
75.28627,1001,10830.565453
80.928191,1001,10864.357064
76.389391,1001,10897.96317
78.914035,1001,10931.93829
80.169272,1001,10965.562348
81.583946,1001,10999.51054
81.766102,1001,11033.490646
78.460872,1001,11067.420886
77.924158,1001,11101.456843
79.886043,1001,11135.218533
81.457455,1001,11169.305354
83.739042,1001,11202.958334
85.759141,1001,11236.958388
86.445415,1001,11270.67819
82.928883,1001,11304.727112
84.094832,1001,11338.274376
88.557103,1001,11372.358205
85.379392,1001,11406.159789
82.04804,1001,11440.192754
86.64287,1001,11473.909564
84.002219,1001,11508.009351
85.870879,1001,11541.65535
87.76424,1001,11575.756133
82.928951,1001,11609.704325
86.086786,1001,11643.822063
82.267456,1001,11677.690468
83.730686,1001,11711.592782
85.82479,1001,11745.28466
86.36492,1001,11779.284712
88.012498,1001,11813.145139
49.566276,651,11835.811508
83.8103,1001,11869.624062
84.413229,1001,11903.752771
85.719982,1001,11937.615192
80.767417,1001,11971.612252
78.658804,1001,12005.525538
84.793627,1001,12039.958433
42.531539,552,12058.825963
84.739509,1001,12093.058395
88.670339,1001,12126.908848
86.139891,1001,12161.188154
86.003824,1001,12195.14233
88.725554,1001,12229.520371
87.865972,1001,12263.226211
83.156699,1001,12297.564359
90.244082,1001,12331.432765
87.064398,1001,12365.739996
91.056831,1001,12399.762987
88.038381,1001,12434.024342
86.408183,1001,12468.028383
90.250205,1001,12502.341598
86.419265,1001,12536.232004
88.383149,1001,12570.493299
89.39058,1001,12605.369009
89.200506,1001,12639.715136
84.806155,1001,12673.569579
86.82669,1001,12707.823952
38.739645,486,12724.555197
84.038317,1001,12759.240417
89.401947,1001,12793.238475
84.5287,1001,12827.777086
83.54126,1001,12861.819028
78.207902,1001,12896.104317
78.852797,1001,12929.901912
89.855344,1001,12964.271977
85.145019,1001,12998.014717
91.049988,1001,13032.443623
95.230141,1001,13066.350923
91.344378,1001,13100.598314
91.475685,1001,13134.452756
90.115042,1001,13168.623353
93.507588,1001,13202.552596
91.628937,1001,13236.721843
88.975481,1001,13271.170697
90.726742,1001,13305.435041
93.676321,1001,13339.857963
95.67719,1001,13373.925834
92.727409,1001,13408.229077
92.430166,1001,13442.061579
95.06813,1001,13476.447598
94.17056,1001,13510.513475
92.272132,1001,13544.893511
95.056815,1001,13579.030271
94.240262,1001,13613.428186
94.615527,1001,13647.556895
92.366695,1001,13681.961866
96.130906,1001,13715.94995
93.405515,1001,13750.32101
95.31554,1001,13784.569444
94.881278,1001,13819.104022
94.136564,1001,13853.310551
94.454337,1001,13887.664629
94.552189,1001,13921.80032
93.434346,1001,13956.195315
93.554449,1001,13990.366909
94.591852,1001,14024.952395
95.632981,1001,14059.386318
92.560988,1001,14093.495049
92.039161,1001,14127.968835
95.691526,1001,14162.18132
93.575578,1001,14196.58629
93.834074,1001,14230.772844
91.109463,1001,14265.351349
92.768545,1001,14299.437173
91.728002,1001,14333.976388
94.363071,1001,14368.012345
92.673432,1001,14402.267717
92.208389,1001,14436.361519
91.411757,1001,14470.938028
92.357792,1001,14505.232294
91.897514,1001,14541.47036
94.145822,1001,14575.74069
92.443704,1001,14610.309222
91.843077,1001,14644.556614
91.479962,1001,14679.33658
93.401224,1001,14713.37553
95.223665,1001,14748.007891
89.903082,1001,14782.407873
88.864931,1001,14816.85573
89.411615,1001,14851.378384
89.554775,1001,14885.580896
91.44959,1001,14920.124494
86.596528,1001,14954.224279
86.397642,1001,14988.904527
93.541477,1001,15023.027237
89.461122,1001,15057.682538
91.9739,1001,15091.972814
90.44082,1001,15126.575256
86.241737,1001,15161.09791
93.690063,1001,15195.739248
91.230885,1001,15229.91184
86.410154,1001,15264.550186
94.773361,1001,15299.063864
94.267558,1001,15333.595495
94.063332,1001,15367.634443
87.87918,1001,15402.185024
86.822476,1001,15436.424437
91.787672,1001,15470.872291
86.866721,1001,15505.318153
90.859951,1001,15539.700183
92.415692,1001,15574.336533
88.322947,1001,15608.705601
87.048032,1001,15643.381844
93.718271,1001,15677.547453
93.351711,1001,15712.017251
85.960029,1001,15746.280599
0.144017,21,15747.553194
1.132237,59,15750.103373
89.101151,1001,15784.626027
61.058019,697,15808.434343
91.935821,1001,15842.841307
92.4885,1001,15876.791494
93.878161,1001,15911.385955
86.112914,1001,15945.786936
93.277789,1001,15980.283662
89.690954,1001,16014.549004
91.75628,1001,16049.161418
94.041303,1001,16083.234277
24.033761,359,16096.290353
92.027919,1001,16130.654433
36.827227,466,16146.933886
90.722331,1001,16181.249095
50.613275,600,16202.726645
89.397661,1001,16237.65721
91.466083,1001,16271.793379
80.826397,886,16302.485281
94.51481,1001,16336.602022
90.221076,1001,16371.161579
91.141895,1001,16405.197535
85.648096,1001,16439.89572
91.832799,1001,16474.085267
92.656754,1001,16508.492231
85.933045,1001,16542.517217
92.13989,1001,16577.110682
90.427496,1001,16611.308207
90.695004,1001,16646.102137
90.77275,1001,16680.49813
88.274258,1001,16715.058685
91.924516,1001,16749.026822
50.923142,621,16771.129699
86.738106,1001,16805.400028
4.142375,127,16810.2331
0.551335,51,16812.503029
0.386323,43,16814.506669
56.403935,667,16837.925026
90.969587,1001,16872.069693
85.912603,1001,16906.702054
86.210088,1001,16940.972384
89.417749,1001,16975.559865
88.982234,1001,17009.875076
85.56057,1001,17044.588221
91.12524,1001,17078.692994
87.731482,1001,17114.122224
85.504264,1001,17148.827391
83.936901,1001,17183.01195
83.284142,1001,17217.728088
88.348335,1001,17252.176939
86.46943,1001,17286.748463
82.957929,1001,17321.268126
0.190477,18,17322.473901
85.584932,1001,17357.258854
84.759919,1001,17391.64288
87.818789,1001,17426.424842
91.006235,1001,17461.048227
84.991903,1001,17495.7883
88.816712,1001,17530.120464
86.227603,1001,17564.55336
85.696667,1001,17598.914446
79.956838,1001,17633.74428
86.556628,1001,17668.242999
88.122742,1001,17702.882342
84.00022,1001,17737.357125
82.273139,1001,17772.001454
87.857719,1001,17806.607885
90.477707,1001,17841.027814
83.590893,1001,17875.977328
88.200951,1001,17910.144933
88.0325,1001,17944.747374
88.477219,1001,17979.153341
84.983891,1001,18013.441623
85.478529,1001,18047.639147
89.759559,1001,18082.45801
90.135357,1001,18116.759257
89.667513,1001,18151.630978
92.008774,1001,18186.260348
4.109228,161,18192.242346
83.655606,1001,18227.186873
80.352671,1001,18261.619768
87.071773,1001,18296.660038
84.342739,1001,18331.433024
86.248792,1001,18366.089321
89.998525,1001,18401.099672
83.817904,1001,18435.677179
87.855924,1001,18470.391322
84.674426,1001,18505.069562
84.994073,1001,18540.126786
81.716099,1001,18574.795051
81.3308,1001,18609.532692
79.993747,1001,18644.026424
86.282647,1001,18679.038769
89.498782,1001,18713.692076
92.56049,1001,18748.692451
90.807086,1001,18783.330866
82.02862,1001,18818.387025
89.22927,1001,18853.015398
88.137014,1001,18887.962915
89.191133,1001,18922.76283
86.747566,1001,18957.654498
87.653951,1001,18992.763582
86.762774,1001,19027.402926
91.458269,1001,19062.553899
86.134229,1001,19097.584199
87.433565,1001,19132.527726
79.450739,1001,19167.374514
83.828626,1001,19202.546433
78.451747,1001,19237.326399
77.13277,1001,19272.320793
37.344791,535,19291.186328
38.627804,594,19312.044534
85.221811,1001,19347.225429
62.96585,763,19373.806326
87.300263,1001,19408.804709
53.578167,703,19433.293205
19.625004,289,19443.812068
87.439118,1001,19478.804466
87.089098,1001,19513.754053
86.66395,1001,19548.647714
38.482768,507,19566.550825
88.040829,1001,19601.66789
86.94424,1001,19636.284293
91.981714,1001,19671.153023
91.576111,1001,19705.660719
89.29155,1001,19740.588299
95.017096,1001,19775.15383
89.712569,1001,19811.597347
89.81324,1001,19847.389606
91.123756,1001,19882.035929
95.49957,1001,19916.996413
93.416274,1001,19951.773388
94.28935,1001,19986.73088
93.035591,1001,20021.494889
93.261452,1001,20056.629919
93.821025,1001,20091.323106
75.995431,1001,20126.128005
93.546569,1001,20160.674596
92.507486,1001,20195.720851
89.9868,1001,20230.299357
81.461471,1001,20265.47626
94.168549,1001,20300.100644
90.326281,1001,20335.212723
86.718867,1001,20370.012635
88.428361,1001,20405.039939
88.820935,1001,20439.963009
80.808042,1001,20474.682139
80.408073,1001,20509.758312
85.776036,1001,20544.423586
55.325094,653,20567.337293
88.222442,1001,20601.998577
91.352217,1001,20637.244326
91.736049,1001,20671.881647
93.207777,1001,20706.986779
89.210051,1001,20741.65501
93.428887,1001,20776.726196
90.760291,1001,20811.224915
91.068277,1001,20846.148498
93.004072,1001,20880.777867
90.192629,1001,20915.887951
94.396397,1001,20950.496377
93.540657,1001,20985.506726
91.922242,1001,21020.07127
91.570448,1001,21054.75649
0.190511,25,21056.20661
92.485862,1001,21090.9038
92.753488,1001,21125.700721
71.869868,782,21153.017717
94.141797,1001,21187.687911
87.74991,1001,21222.303317
87.37917,1001,21257.342589
93.626668,1001,21292.111586
92.695921,1001,21327.056112
84.197904,1001,21362.182153
77.223482,833,21391.097806
93.414469,1001,21426.019393
92.493435,1001,21460.814321
86.502377,1001,21495.946517
87.721558,1001,21530.817221
94.004003,1001,21565.985149
43.260617,1001,21601.123158
92.328805,1001,21636.20033
88.026397,962,21669.536159
89.162856,1001,21704.766921
90.584156,1001,21739.879996
95.221871,1001,41121.995429
94.173039,1001,41162.001217
94.756043,1001,41198.277184
90.871271,1001,41233.134941
96.156876,1001,41268.585115
91.446468,1001,41303.49274
3.660697,111,41307.835124
91.316459,1001,41342.512367
92.195794,1001,41377.469858
91.140575,1001,41413.917364
89.877835,1001,41448.678381
91.082628,1001,41483.841324
92.73022,1001,41518.87561
88.964911,1001,41554.406567
87.108918,1001,41589.07982
92.535657,1001,41624.016368
96.499692,1001,41658.490154
91.567341,1001,41693.402961
95.190901,1001,41728.459188
92.147708,1001,41763.414685
95.133575,1001,41798.182684
94.416823,1001,41833.051414
91.987289,1001,41867.708708
93.021244,1001,41902.538541
95.862267,1001,41937.51997
89.891666,1001,41972.345813
95.866952,1001,42007.231497
92.697899,1001,42041.983538
93.024775,1001,42076.914102
88.67072,1001,42111.573391
90.048084,1001,42147.204082
91.704593,1001,42191.122643
89.048392,1001,42249.109554
85.595208,1001,42304.227068
92.419429,1001,42360.783121
86.711718,1001,42414.566118
90.379954,1001,42469.756535
95.110532,1001,42525.014349
92.138595,1001,42581.563635
89.125827,1001,42634.537121
89.803,1001,42687.806483
90.013523,1001,42740.002849
90.606523,1001,42805.368142
95.74898,1001,42854.31175
93.34665,1001,42902.078746
90.77756,1001,42945.378046
90.189926,1001,42992.025465
94.002711,1001,43032.014012
96.235891,1001,43073.546976
95.456274,1001,43114.558332
92.871718,1001,43156.572274
95.299232,1001,43197.032455
93.944819,1001,43236.573031
93.077221,1001,43277.431401
88.724933,1001,43317.762672
92.701811,1001,43358.645121
91.345278,1001,43399.611196
82.354265,1001,43439.630857
85.22563,1001,43483.910858
90.959761,1001,43528.514191
95.031662,1001,43571.796162
91.924305,1001,43614.482578
94.146646,1001,43656.779797
87.463083,1001,43699.876155
93.471745,1001,43742.656656
88.798163,1001,43786.094952
90.852309,1001,43829.365914
93.150678,1001,43872.568281
93.583463,1001,43916.106865
89.314232,1001,43959.18621
91.355366,1001,44003.251642
68.879317,763,44040.640464
91.81805,1001,44084.266998
88.775483,1001,44130.843444
90.929847,1001,44174.259327
92.068284,1001,44215.063213
91.959553,1001,44257.235488
93.036487,1001,44301.073769
97.290508,1001,44344.293523
94.57935,1001,44389.288897
93.456632,1001,44432.310199
96.882762,1001,44476.726079
92.119128,1001,44516.349117
90.447166,1001,44553.15299
92.825529,1001,44590.229935
85.439252,1001,44627.312614
89.860401,1001,44664.517042
86.860675,1001,44702.621274
88.462228,1001,44739.539855
93.068651,1001,44777.232605
88.461111,1001,44815.907506
88.095283,1001,44857.851698
90.271928,1001,44897.213577
88.437636,1001,44935.976301
88.464323,1001,44974.612942
90.031805,1001,45010.975202
91.190332,1001,45049.983261
94.04037,1001,45086.947236
92.165172,1001,45129.958608
95.523123,1001,45172.712935
68.526227,763,45201.631603
89.280047,1001,45240.145583
93.56887,1001,45276.68983
91.098122,1001,45312.577833
88.771845,1001,45348.993426
89.612911,1001,45385.265401
94.647518,1001,45422.979517
97.717517,1001,45458.214268
95.966738,1001,45494.593437
89.686174,1001,45530.220139
87.517528,1001,45568.266368
90.663033,1001,45604.641069
91.03592,1001,45641.115505
90.209629,1001,45680.288731
89.316188,1001,45718.988213
92.232828,1001,45759.624427
89.933198,1001,45803.490627
88.192561,1001,45846.521017
88.592296,1001,45883.892331
87.113862,1001,45920.892944
94.096177,1001,45958.188938
92.405475,1001,45996.511569
89.787171,1001,46035.20731
57.230123,624,46060.462171
91.018754,1001,46100.659902
91.3782,1001,46139.981394
89.616552,1001,46180.744279
86.573164,1001,46220.102597
92.314963,1001,46259.608396
87.233163,1001,46299.367352
90.254381,1001,46341.760879
2.863431,115,46347.207981
88.73567,1001,46385.998354
90.266371,1001,46424.817182
94.530873,1001,46463.769772
94.655588,1001,46503.496504
93.058715,1001,46544.371168
93.201805,1001,46585.385529
93.110565,1001,46624.054937
95.938254,1001,46662.193705
94.230205,1001,46699.223279
90.049865,1001,46734.080182
94.624082,1001,46768.973844
79.696627,915,46801.016134
95.579611,1001,46835.553749
93.99233,1001,46870.770546
92.261342,1001,46905.621278
92.657342,1001,46940.67551
93.267633,1001,46975.542245
94.835159,1001,47010.721144
92.439088,1001,47045.447254
1.704241,88,47049.039645
91.02068,1001,47084.033041
91.65908,1001,47118.628157
87.176083,1001,47153.827999
92.741973,1001,47190.771373
0.759637,40,47193.567799
91.606051,1001,47234.53042
96.712068,1001,47274.96958
92.37535,1001,47314.42944
94.238665,1001,47357.076871
91.949824,1001,47397.644837
88.568683,1001,47438.366054
88.478878,1001,47477.056765
86.825278,1001,47515.817821
81.291856,1001,47557.750945
87.503379,1001,47598.443593
86.367783,1001,47636.008654
79.795658,1001,47674.385999
86.472056,1001,47710.840486
12.952501,277,47721.642591
89.104971,1001,47756.566174
89.311953,1001,47792.059584
85.121241,1001,47826.844537
88.963375,1001,47862.274766
81.582623,1001,47899.091283
86.339331,1001,47942.061358
92.372673,1001,47984.300462
90.87299,1001,48021.683465
92.353303,1001,48058.993664
92.269414,1001,48098.250143
94.522047,1001,48138.102777
90.230287,1001,48174.905908
89.008546,1001,48213.236562
90.247165,1001,48253.452876
91.323378,1001,48292.66401
87.859752,1001,48329.755647
91.938043,1001,48368.250246
92.987149,1001,48405.108788
91.238783,1001,48441.512154
92.650627,1001,48478.133467
89.233051,1001,48516.31541
94.198609,1001,48556.926322
91.031288,1001,48597.444208
91.986373,1001,48640.368011
92.052925,1001,48680.198241
88.986629,1001,48719.201555
1.468293,76,48722.606164
87.803052,1001,48766.206379
93.545401,1001,48803.734349
91.678033,1001,48840.589321
91.837602,1001,48876.868225
92.934639,1001,48913.486083
91.633305,1001,48950.057126
91.714075,1001,48986.878154
92.29677,1001,49023.704084
92.528158,1001,49060.708033
89.225784,1001,49097.07249
90.548972,1001,49133.711955
93.915242,1001,49170.37523
93.27539,1001,49205.799474
91.20359,1001,49241.68684
90.647048,1001,49280.410313
92.246182,1001,49319.673329
92.905258,1001,49359.62967
92.563795,1001,49397.620549
94.929291,1001,49437.750007
95.7938,1001,49476.906058
91.130911,1001,49517.68308
88.139884,1001,49555.812942
90.742569,1001,49600.25867
91.854524,1001,49643.18745
95.03174,1001,49682.354209
91.822057,1001,49721.794594
89.603563,1001,49759.811147
92.705273,1001,49796.204249
89.099217,1001,49833.395591
91.907413,1001,49871.330187
92.904569,1001,49911.20244
90.637615,1001,49949.367102
91.959295,1001,49987.682431
91.233558,1001,50025.420485
90.977961,1001,50060.918529
90.384746,1001,50097.241144
90.818101,1001,50131.945314
91.009095,1001,50167.184053
82.069142,1001,50202.92146
87.595793,1001,50244.547114
84.346478,1001,50285.933802
94.231601,1001,50326.905076
90.987965,1001,50367.477509
4.036919,121,50372.456241
89.788583,1001,50409.353288
95.03824,1001,50448.02871
92.612516,1001,50489.764776
89.217189,1001,50530.757703
90.812105,1001,50571.74997
93.055908,1001,50612.255668
95.682787,1001,50652.494596
96.38526,1001,50690.23609
95.479558,1001,50730.32917
94.495297,1001,50771.523207
94.335643,1001,50809.737776
95.185966,1001,50846.928697
92.744955,1001,50884.560607
84.883619,1001,50922.423544
84.88825,1001,50960.133553
92.457904,1001,50997.548537
42.557423,482,51015.980428
91.132276,1001,51052.999844
93.969528,1001,51090.665401
91.457669,1001,51127.976493
89.342558,1001,51166.039508
86.631779,1001,51203.62728
94.535332,1001,51240.892267
39.262351,473,51260.86219
92.848081,1001,51306.27215
72.368046,800,51338.843723
86.713425,1001,51375.511098
94.011689,1001,51412.652177
92.825797,1001,51449.320927
93.632326,1001,51486.276184
89.948108,1001,51523.002838
87.968783,1001,51559.898863
95.468322,1001,51596.627777
94.365465,1001,51633.381737
94.325671,1001,51670.524047
88.205415,1001,51707.406731
90.683084,1001,51744.20572
95.033181,1001,51780.788303
90.879062,1001,51817.780518
92.210902,1001,51854.280505
90.660054,1001,51891.700321
94.375523,1001,51928.704872
93.996647,1001,51965.726331
94.263309,1001,52002.808377
93.254535,1001,52039.613295
94.387539,1001,52076.62724
90.543473,1001,52113.592349
90.194903,1001,52150.643221
91.871588,1001,52187.539664
91.668278,1001,52224.630099
92.274619,1001,52261.746098
93.060397,1001,52298.412046
96.262305,1001,52335.659994
91.636295,1001,52372.859362
92.751191,1001,52409.879879
75.450627,854,52441.453847
89.295825,1001,52478.380787
84.858172,1001,52515.114792
91.490904,1001,52552.124606
93.067884,1001,52589.225654
89.471638,1001,52626.015672
91.166911,1001,52663.294585
92.623201,1001,52699.908751
90.663603,1001,52740.518986
90.768079,1001,52781.449985
92.289128,1001,52820.768515
47.559867,551,52841.660387
88.610865,1001,52879.627398
90.703176,1001,52917.522678
91.79067,1001,52954.906312
95.496967,1001,52992.557555
93.935271,1001,53030.085235
90.90102,1001,53068.170173
94.284439,1001,53105.329936
93.012828,1001,53142.943046
89.928102,1001,53181.129019
93.883689,1001,53218.605066
92.49028,1001,53256.313937
92.115497,1001,53294.900234
90.109441,1001,53343.057227
93.824275,1001,53386.662167
95.191128,1001,53426.400128
94.973373,1001,53466.517952
89.067432,1001,53506.99506
91.854621,1001,53547.406114
92.536068,1001,53588.373916
94.832329,1001,53628.685191
94.940714,1001,53668.542573
89.252424,1001,53709.572076
93.737344,1001,53752.671161
94.624748,1001,53796.133217
95.240352,1001,53836.509464
95.045852,1001,53876.264877
79.100313,1001,53916.137783
95.569755,1001,53958.320325
96.83507,1001,53998.285269
60.891296,799,54030.203007
92.08334,1001,54070.670114
96.549285,1001,54110.577432
94.836255,1001,54151.130579
94.310114,1001,54191.070525
95.558902,1001,54231.371747
93.713775,1001,54271.474939
91.277962,1001,54311.564897
89.735317,1001,54354.705225
85.981723,1001,54398.607763
89.562648,1001,54443.629144
88.492976,1001,54484.529775
92.322078,1001,54525.501746
88.743458,1001,54566.147242
87.639103,1001,54606.557567
92.65738,1001,54647.960034
90.940074,1001,54688.427465
91.811263,1001,54729.287421
90.916975,1001,54770.661587
89.327463,1001,54810.935519
92.334514,1001,54850.926794
90.386484,1001,54891.513504
89.752665,1001,54931.168426
91.305935,1001,54971.45352
84.873256,1001,55011.503639
43.85489,526,55033.065255
94.048232,1001,55072.853353
91.535186,1001,55112.982008
